artist,id
Farmacos,1FJENlxciHSXzfHlYMgB2M
Ases Falsos,5duXcUlwdTvVHJTLWJa2j1
Rosario Alfonso,7mirwC8eaTt7tswix93TFZ
Pascuala Ilabaca y Fauna,6nf17XGXCx2PSgkhPYjSIA
Laura Murcia,6d19qaYWDQRN687o4TRK3K
Mora Lucay,3gjqD5j7NaOCr4kLULEV0L
Planetario,4KyZLSFxk5EZnqkceVEvga
Super Especial,7EiWbSp3dVXfPJMfIFnbJ1
Violeta Parra,4ejp2yEDQIIJIy0iFpoI5B
Julio Pina,1y9QVaLM27gpDD1nOjblxc
Los Kuervos Del Sur,6BYwseleN4FiZvX4dFirBj
Julius Popper,4ZWex7Cr0HbNkpnTZPCcfO
Diego Lorenzini,58ogXGbkmpbFtAbePMPiQ4
Entrama,40zvihD4tuYlUBHjtt1dgK
Nano Stern,6WcoLUYMQyttg3fFIkou6X
Tunacola,0E0FX8RYDfwseJAhwO9AK2
Benjamin Walker,4uqz8sHfvYPHlpHZYyanEK
En Invierno,3MNvKeLzGSvOPtXJAjCOzf
Pedropiedra,0WCbmGMzwvFFx0JT8k7THP
Tus Amigos Nuevos,4dqL8obu05HTocAZNPJvfc
Chancho En Piedra,2Uf3IlEDdwkKNfs10ByddI
Fiskales Ad-Hok,60bfQT8dq9ykKW6KfIXnE5
Tata Barahona,4rzDfi2jOKIBcdvByO4V0n
Guerra Silenta,45O2HP8FBgqK0tHiZoFoJb
Los Bunkers,3RTAXX6KGdljBsOIupyZgT
Los Prisioneros,2mSHY8JOR0nRi3mtHqVa04
Los Ex,4sWPy7Kj9RwdpAxe5onUhP
Fother Muckers,6FFSTXo40QrNA2tpT1xbq0
Los Mil Jinetes,5H8rz8dQLNWvaHojkHyQMn
Cristobal Briceno,0TE3FlkFJ5OgdyulXv99iX
Las Chaquetas Amarillas,5rTDP6ApLyeiozXOfmKYQa
Alejandro Silva,5Vekk6v7ROEV5LzBp1ckgX
Mapocho Orquesta,5zoXAWbqiovx7MFrNvuteu
La Brigida Orquesta,4XbPmAuePPr3JhIoN6WNGP
Christian Galvez,0K0pTv2a2pbNPRt7XOUnG9
Inti Illimani,4cCVNFShP38zaKGuo8QSMN
Quilapayun,76sZcEL2ZXBTqNeFJAhlup
Los Miserables,7EP6QHjz7FSJZBVjDuAmas
Villa Carino,3BBhJ4tssZm6vSQQ5xPDC1
La Combo Tortuga,1wyjMJTy6WbOvYBSDL9fMR
Guachupe,1IbUoO6fomi5BxFk5X6n1K
Paisano,121UaZBofpgTXFSEZojXh3
Angelo Escobar,39P3QZJBB66v5hWVpXE4G7
Mon Laferte,4boI7bJtmB1L3b1cuL75Zr
Locos de Patio,4ytnGcXxv0YmTANn8tZK3i
Macha Y El Bloque Depresivo,1pdmhuBAqiOFaFuXRvLoyy
Chico Trujillo,6Hs8U0JO2nacXFG4kp15Co
La Noche,74RYbbIHke18VFvcsP2iD9
La Ley,1ZVoRDO29AlDXiMkRLMZSK
Americo,6eUAVH8tSq8WSJGPLeDN9c
Grupo Alegria,5j0zxJF926wIDiCXMmJGkg
Los Jaivas,750f5Yoi20mYBe2EoVqWiT
Sinergia,1OgaghfYd1qr8DFoNrfDNk
31 Minutos,1EgVsKobLzbNgILxx9wrVG
Fulano,2LZMzG3MBHagZYIJa31mmH
Aparato Raro,4aOE1rge6wMSa04xlFxc3Q
Los Vidrios Quebrados,7raAVoOgou1pDqXMnFHFgr
Los Blops,2CQ6aPvUy5vJyYBWGfx5o9
Manuel Garcia,4LIR7XQRqn0CyXMYSjKoTX
Upa!,3SQwqIl6r35rkAXPw7cm9n
Glup!,6BrWnoM0y0Viv3DVEcT8GE
Tronic,5HkHDnrE6HW1FsD5gf8nrw
Gufi,2x6OBrjZlSnyftY3Da2mmN
Supernova,4hp1i0d15TWg1YN3lCUWgq
Victor Jara,440MEFxEmF9othCXbz3Y6a
Congreso,0S7gyQcve5aVdbPiUjym4H
Mediabanda,6KLb7syCkJuQh6SpqNSnPK
Joe Vasconcellos,4sGC7K2rSpWrWudBgYPMce
Los Peores de Chile,0yrF0XtNWe4oZ7JXSCCmA7
Supersordo,3MFZYNx9q6hxzlVK4T51cL
Patio Solar,5vA7SVYlKJGW6NGkKaSEax
Amarga Marga,77VyMx81VAf8vpqcMr73sH
Ninos del Cerro,1RpIuXeUsxfYBdQIg19QSy
Nino Cohete,00kBFCMv8iB3aMpHy043LO
Astro,0V2YTCyeeSs4sivZL99x3g
Tumulto,5okgpG6HdbMl6e7s6CSdd3
La Patogallina,2o6XX8RNjEbSZW4fq1vDEm
Criminal,2obZTQu3NO5oRcIZKY9fOh
Illapu,6gWVXK2R7WYXTqxULGAyfx
Yajaira,30XqLBME9I6YRl6ugWcCUg
Teleradio Donoso,6SwRy6PTx8ehNGCdcDp3mt
Camila Moreno,0SJy1J0FgP21lbvGBMKT8H
Javiera & Los Imposibles,6IEAyaXCPxZoPtCAYZXOxz
Alex Anwandter,0M8uC0u1YRUGCieOKmQF02
Fernando Milagros,73swvRHLV2DJfD57xx5CBN
Gepe,1fHGzTSloWCtrlKfbLNVhM
Saiko,6YgPVbrxWFP9dnp8dsqDry
Lucybell,3rqpBcetrJVphNTRHDv9ht
De Saloon,04Z3mRXKnp5PmZcJ8QCULt
Francisca Valenzuela,2piHiUbXwUNNIvYyIOIUKt
Javiera Parra,1mBmpJSQUdUOTJzbfEg5m8
La Rue Morgue,26ZwTqwf87K05pQDOg3Tc3
Difuntos Correa,2Ii5TVgcXETw3tFhpqJ6HH
Silvestre,3qWvnBe0WHixQgMLpMsf0T
Javiera Mena,6c0qylj1D1gqcUUN2P8Ofp
La Transa,6EF1264lzOeAYoRT6kFNL2
Banda Conmocion,2UNMW1OKE0X1cwJHWER67g
La Floripondio,73Vk4dL8kYkbRJxWJDq1wL
Weichafe,1V9tvIpFfMl1cFJjxJKAre
Sol Y Lluvia,6iGoMyoSIjyTxbCRyHREtI
Patricio Manns,0qX7rdOqbH8vUUeXUUsiqf
Santiago del Nuevo Extremo,2WVBKsWLyEcWY1z5SxIDry
Eduardo Gatti,4XeXlVlcBAqU4tYCP3SdoY
Fernando Ubiergo,4o3U8RAOoLpRDFvqKoJYvA
Sexual Democracia,3m2dBZiLPZUffYga9ocES7
Begona Ortuzar,7e3ei0JrBXl8DqQ9jR7hqS
Tormenta,7BCS0NMerhhiHd8F4ELZq6
Gondwana,4nSgEvZncnC5oNPVrtwnLd
Mosto,0wf94EKS13LzR7IoSek6ER
Los Tres,4qXIYIWo6wRsN0lZxvgH6S
Catalina Navarro,6xch6zph3Lgfj4EeEMwjeu
Amanitas,5Rer4pgrnkfYkuHcXaayqR
(Me llamo) Sebastian,5PoJhiT21fXvZitg3guhiJ
Seba Alfaro,4BsdSj5TfV0HQiUwdRBQbk
Paz Court,5Rer4pgrnkfYkuHcXaayqR
Dulce y Agraz,5cD6bctPV8wtKpO4o8ZtTQ
Martina Lluvias,5x24CqyDaYbM6OUjxLYkUo
Nina Tormenta,0KJEHAoNtPaopqOHD6UIkY
Proyectosolo,1FSq5ATUMKNRLCxwWwpELa
Nino Cohete,00kBFCMv8iB3aMpHy043LO
Martin Berrios,3EQz0AUS2CMV6lOu3Zplm2
Nicole Bunout,5jyOjqLd2YRArrVlguvv4F
Arranquemos del Invierno,6TohVx7C5O24NqelCsIdfs
Yorka,71bG6LIwKMYALxV8WuIezn
Demian Rodriguez,5rJG5I7ZC5C51fXEyV5E6V
Charly Benavente,38RtVKKRJwYGkKJDuZtHJP
Camilo Eque,1NBoDdFZArcr9I68YHFA5T
Javiera Barreau,6LRPIVdyITYNvP8TDK8kS6
Vero Soffia,3CYRq2jA4EHkNmPssIpUPx
Kalfu,1WpF9eHbFZ1v8e5BwFHFun
Briselas,0BVJcThdev7EYuMwkZtqXg
Octopus,2BYiFVKTqUv1mDxwGLRAVp
All Tomorrows,02zfNolwCUPprPV1hZR7Qo
Entomos,4TRb26crZjAkKUQeafr1e1
Koke Benavides,7vNDqKCgE6DGmVox1HP8Sg
Nunca Seremos Dichosos,0XLQ3xZLk6ptsTLMHDKgTR
Lechuga,2SDcND6iKTDeQtHYV7OmoB
Claudio Cordero,72pa1Eyk6o1dzU077kYLBJ
Coprofago,3AHOLYbQ4tukuXglzAulxu
Austral,1rbRlqPPuN1TnMKQn84W5K
Humana,4wo4fMjzzI5Xm36Bg8eaeB
Target,6QJtShEe3N2TDh8PyTfFgo
Horeja,4VHM8CUeZH4zr22qQC0Z0a
Crisalida,4R98n83F98vnLTE2VPSK2y
Hat-Trick,2egjiYihbOJB329kusNfWa
Como Asesinar a Felipes,17WostYl0Ep0nyJmA0m2ds
Recruicide,4u0TUUkjoiF0pvHt0wlq7q
Drogatones,5WM44byDlCThNqIKalytBo
Chances,4omb8fFT9JPsUKPx6XVqCX
Libra CL,2YMeDKKo2lRhDfs1AAphax
Rosewell,6RXFGqlctn7nIpqiRH5REt
Tenemos Explosivos,4GmjIrXTH2V78cvkcYnOYS
Sinkarma,559TbGGUt5VJZErfig8tqY
Portugal,6mCBPqNFGyt9lCKY4vPlEp
Sin Instrumento Alguno,6j0EW4WqyGl0tU5TWwLYQe
No Pueden Matarnos a Todos,6DxfBXwdYQo057vys8BUBG
Rekiem,23aXag1qE7gxzxdjGTl7sn
Aneurisma,1tEIMfCEh8whj5q6DOd87U
Asamblea Internacional del Fuego,0MAY5G6a8N7KVAh60z8dMa
Humboldt,1wJii6AWThPVePpQF0P4G6
Cronos Debe Morir,00Ef5Fkzh4y2nprrnGNBHL
Fragments,5HWB5fLzVWHVFEXMW5znBY
Rey Puesto,6WvxtJVJ2rXajpU69sMr5I
Lanza Internacional,5s4SbJgMMtIyl0caPyZMmT
We Are the Grand,4DAFJvYjVrSQfEM67zeXQT
Peor es Nada,0W9QNgPzCeymk2irMZgOMI
Sin Perdon,6UQnnr360fWe8348fnydPs
Fakie,6CJcFm2Gf0G2nyPv4aRvTZ
BBS Paranoicos,3m6rsPYI2szH1eab4Gu74U
Machuca,7kwZDveB5qL9uZJcJF1Yds
Pegotes,16atbgUEjBKuScffkkQgjw
En mi Defensa,0r82gj6FpgAfTlrjOVDIQB
Nosotros la Miseria,0ZyoYgwM5sNPJxaFqrTJSg
Aspasia,0DX1LunlfYygBjd9lCvryL
Marcel Duchamp,3TClIaKyN8AX8XsttXzvGl
tortuganonima,0jsPe8wkYOMs1yd3zd2aRR
Helices,1eyGv5vUAQZ85vT3rR4t28
La Ciencia Simple,1QBzzMyJtrjIGr3NSKp1A3
Arrecifes,2yjw078KYwrGnRKu9XwuwT
Archipielagos,2PRjdrnN3crdykcsLu1S6d
El Comodo Silencio de los que Hablan Poco,3HrR1EoGCQa4Cl2fv2QyTk
Adelaida,5ugKDsPNjtGyV7WxD7nTYS
Juez Delinea,3arz1ytkgAJzO17EPcezZD
Loconozco,0bmJncLvtWlA06wwOtNjgp
Ninas nino,3lfgPkFVpfjAwBEJWO6EF4
The Antartica Project,4DDrHTmwLmDFgv8CoobPjr
Egregor,0Lsrmln7HOkfKVuGye7eQh
Hemiola,4fMxOTq3Ysh6l1Fhl2jARz
Aisles,1aHj1tpKsDAUDDOMZXcjQg
Hermano Deporte,2vMzDQSMPLNhMsaCA8m60u
Tinta China,5QIkFTv1UBzV4tIvM87mG8
Fabian Fumeza,4Y5H5UMzt7AkYgPMxTXkfH
Dolorio & Los Tunantes,7IxBVJFOxGG6DSEOejOTn2
Fonosida,6HXJR7OM92v2ncgjL8gVkX
Confio en Tus Amigos,6eeMg2f1msRTEqwKKC1KZ4
Frucola Frappe,4ZLUNtFI5oNh5xiEew8X2v
Ratarro y Los Roedores,2S3SKKq2P73VujkHGyoEgt
Matias Avila,29yxbIzxVyIPcCENpwzSQ5
Silabario,69Z9Rb8JunV1blSuO4Fkbs
Estoy Bien,3L2tBKYsn5RF3NM1NLQEda
Pieza Oscura,0RpeKktGoA9rDzpgcfaxg3
mitimitis,3iEWpEqmO2yLUPIiu7Dv9F
Scott Y Los Pelmazos,3rQpR17vgxFw2RDp7uraei
Medio Hermano,13ZDbyU2yozjd5FxJEGCrb
Todos mis Muertos,3MBhyxjJftjMBMpZEfKOZd
Juan Desordenado,2KAzBjzTRRbCgP5gvssbqB
Columpios al Suelo,3F0CSoPGpHfiKtyEdKOOrQ
Fabian Vargas,79CTFpqlaZs5aApbb5Q6gx
Abelocain,0AmIQ3AoYmB7lIZSGu42Ie
Nando Garcia,1sjAiXfRnlaJk1zNhmHSpf
Fabiancito,3efvk9GjT7Ao0DdTtM3IIh
Ataquemos,3WMtbTa4xgtx9GJ9dPAJ7E
Hazel,6rRH3dKCPZ8L550tadjx1i
Mano Ajena,611eLbdAybrp9seo2dr6eJ
Columpio Olvidado,16jdFRT1ZJUjoJ5lUIfHb1
Laia,1eFDWuVJ8q3nSbmG2MArz5
La Hipocrecia Mato Al Gato,2JawDgk6R97R9UMZJ07IBe
El Arbol De Diego,23Iy8Fdc1EgIKNypg8LGZW
Ignacia Torres,5Y895CVcP35JtinHSXxJmU
Camila Y Silvio,7q4O9IJOztG7Oa2MF4ODlX
Cortejo Tinto,7mmrq9EFI5YoEtWYY9HcSj
Jose Vicentes,1IjFBSOVrbTedyO0yIJg39
Vicente Cifuentes,3b06h05NjiPizwnTeGybfG
Tribu,1pD25RFKqvWhqvsBjJkvQS
Elizabeth Morris,3kJaCi1igGWOKYUVDdJnoi
Adri Stuven,4DXUWdscqbjGNbrGwgxuYn
Francesca Ancarola,6clzHoQL1WN2thmMeOalxc
Ignacio Torres,1Gu7c0oUo1sUlJHMi0RfJ4
Antes de Nacer,1TxWs211DxYPxHvI5bNqfo
Vitami,31UlQ2ue3AUFaSlAzo94Gv
Raiza,55K0wAW2dZtVJI1GcKPpba
CuatroBeats,5VH4yORLdFVHVSqCYAjjoh
Mangore,4eVb95pFemdU9Rn17IQXyh
Caraslargas,0m1sq1ANnN9n8MbNpfvzq4
Bender Bucowski,6i5Zx8vR9kRUFfDnZRKAMa
Girafa,22oDY0ki8TOUPcek8EmdXN
Elmalamia,1SoXdL4dbR3tJudByWGLkM
Jaco Sanchez,4W1hsgMWRzQblI8B18DTgs
Matu Cosmelli,3dyImRirr2cNkiQr3MVhaN
Parresia,2S4qLEkknckTwKjGyNtITf
C-funk,4W818VxLQukD34t6dFjoRO
Los Tetas,4yjiCh3gayolGLTCVpHojS
Pillanes,1zueZaXbZoabrykNgXTtHg
Rulo,1hESVb5p8cUHjbj9YzfklQ
Jorge Gonzalez,4Dqwi7dnhN0j8X1i98mdKG
Alvaro Henriquez,45H7NFSk6h7YyYP6BiB3EP
Electrodomesticos,1jW8O5TTQQUb1G05GLxSEn
Mecanica Popular,6Bju4dnhxslFAv4cVuFVWV
Angel Parra Trio,06hxCeDcTDV3cuOyws488C
Carlos Cabezas,64qyErWq0ieALSFbxDpScT
Sondelvalle,1en2WgpLwFV2kiSnCqW0gl
Combo Chabela,28hLbTZJSYiImNaqoUGMdP
Anarkia Tropical,5faoRgtvabwICan9170dvD
Seiscuerdas,1B59B61fbQVwFdvlZQ1RWM
Soy Irracional,6PKKXAHepFCoV4cAtwPUna
Juanito Ayala,4Wy8CFlIS11ODC9wVKBSz4
LaSmala,5kW1uEpIpdfZyCrjaaX208
Waly,1hiKLjsL5uJ1RswZDhWJAP
Moral Distraida,4IdI1p8OrVpot6dbdCl3wv
Sonora 5 Estrellas,0oGbFTtR8UqMpgDFLpFKc1
Juana Fe,5CE7PcyVcEKMSuQA4IHF7d
Ana Tijoux,40JMTpVRUw90SrN4pFA6Mz
Tiro de Gracia,3yIbPI61iAhMptDnfnyScb
Makiza,3XaUjViDzB8N9bPqPeoWk5
Hortadoj,6EQAbr4kKwE4EaGBzUpONu
Mamma Soul,6v6v20hL82eZfIRpGeocjj
Banda Conmocion,2UNMW1OKE0X1cwJHWER67g
Los Picantes,2yvZnt3TKXoYhdcbQi6vpO
Tito Fernandez,6Km7WV9r7ozleZwjX1armg
Zalo Reyes,0EShyzemaVRTIukphkQZBZ
Grupo Hechizo,2j7cp8QCujOktjxUXuNou3
Amerikan Sound,497ma3Q1UnHPhvRQKyoxW2
Sonora Malecon,0VqdDDrHPFAdqzDR08FySM
La Gran Magia Tropical,25n4vLuiRlvNe67pJ8WvdP
Garras de Amor,6kcdJiENvD273QC9rFoP5a
La Sonora De Tommy Rey,0gOdu2BvlfycjQlrtk0CQv
Lechero Mon,5M9hvwevD5Aax121KCeKPd
Los Llaneros de la frontera,0lU35vHpvzadavslHv2pVV
Tomo Como Rey,7DGQ1BwG33jSlcQC6krZLD
Sonora Baron,3IrgBju6MoDqMqxSUB3zCk
Los Charros de Lumaco,6diRAnbJMBmn4MXIS4IHYk
Mandracula,30tQf4P0wEmn2fmWsItVNr
Dama Juana,7eCX2SD12pvaKz2l0aUzBV
El Cruce,7qaHFNFCjcXpsHQM5NQhaK
Hijos de Algo,0idB3LdEWKhQveUqKFu3px
La Banda del Capitan Corneta,77AlmICl9sl7wXBJmC4V08
Magnolia Blues Rock,5jLFKI49IUfPb9fT7rrc5j
Catoni,5H7U64T5zOTTYKFdpWFrIz
Swingatos,4PuAz7upgeHmHmD76UWI7z
Jano Letelier,6R4TntZwkFYqzDbRvfsZRt
Vintage Blues,3luarwh0COunUYtyT2kdxI
La Rata Bluesera,2lbnuoTiUF2WUqQ4YAQsyn
La Blues Willis,5Zq6roIrqtfd1ACyeaG6u5
Los Queltehues,6aww0zmfsM3Sr4JOArd7mC
Angelo Pieratini,4IyZZfTjtcbbJfe8gvN1Pf
Devil Presley,5EIqlTaPbY8qZZvVjwkCQH
Tonto pero Feo,5ec1sLQGoXLh2B8KGVFRHu
Akineton Retard,4wHQ0fCZEFQiZ67hPV68bo
Panico,7sIPqgvtteNEJx6ndabJhA
Nose!,1q3UpIkSABVVfjnPQ85Nl9
Infalibles,5hjFfIrBRAzWwNKYYMYVFZ
Novella Inc,3CtVX0akQ8axuqRjzGajdm
The Cuchos,7Fhrq3DKDX7jj44cfxgK8S
Hellofreak 669,3om0A1VfltV45R46PdsSTP
Corvje,42lMX6nPhKNggJbRtEMQK3
Los Fix,15ZLOfxrNkz2A83azHRYz0
Vectores,7joqdUgx1jfohGTw8pXJy8
Los Mox,3vOhBYpEKYtJhZcQWh0Q4Q
Mauricio Redoles,30iOgrPV86QMnMsPOJYHOJ
Santiago Soul,0DmhysmjwL1OymWMDEEXl9
De Kiruza,4xH9kppPFTwGTtty82ZDfX
Solo Di Medina,4Gn6n9S8UL4YkfMtJYbIS5
Matahari,7i27j2virnxFLjDT8L7Cmr
Celeste Shaw,6rqnfwOhPniuJF1OxvMdYj
Mr Rabbit,1jOimgQZjZCiC2RIm15aPt
Emaflu,5PS09CXdU7Lze7eAk2z3Yy
Funkreal,2anRA2WDZPHBtgU6SM3DfT
BeatMagic,3Sp3GWZXgypqjBHlWLdF8O
Panthy,6nkdAGnEsEDaFo4qwjaXMR
Aluzinati,0V2Mfe6qwEPgIA6ib9ME8H
Papanegro,3YIlnLkPcxVni4w8FGWJnm
Kella Stambuk,5nOBsK1qvMMzybimsKcJVJ
Periferia,7FgUIZdpnhxcTgVU1e91y8
Jaco Dada,1CVGVBmXDweMByUcJONGhV
Sungaps,6kvtEWfV3roPBNJls9PCjM
Dulce Margot,6yEckZn09Cqh6g0Zf9YdLL
Rey Elefante,5UqDRELdgjQuDVTySv1d96
Fresah,6NoKaRc2rd5fYnIqO7TYYt
Anzestro,6cBd2YUMsFBg9ED3Kl3DRy
America Paz,3EFYHa3538WOttTg5CkaBU
The Sastre,5e9OY52PxWPC4MeY7n4ksW
Feria,13nmpu8xySBywasmWAuC8K
Crettino,6JjpGdFSIb9QIRXGmvT7OD
DJ Who,2MI03I2UxwCen2VjYktQA7
Santiago Rivolta,5efyuE15MwRyHzUfEBYOHw
Vendimia,1gI7NjmD4BQo97OT6dpFXB
Umano,62DWFuzIbKiFpO2c8AZFjg
Fonk Machine,0wjH0Ku0uBbzlOUCE7nZVq
De Monaco,67bpPvzKD2IiNBqcxBHAII
Carito Plaza,47FMKtE8Sh6gRkH1E5uNDc
Sagredo,60jkPaH5Jr7yshCcVPWWEh
Zaturno,6P8YjImNhI3N6nrCEEhISo
Sofia Correa,1bVSA9IM2PsnHzY7j3mG7h
FunkAttack,5FiMyOjmDzH3j0bFwmjqcZ
Natural Matiz,19kCVHPFvvJvITYgrYBUYo
Rey Electrico,3t1dxI8ugmSdi9WyS8gpFK
Cristobal Rey,37PXQQaScR5PgIm1YpoF3p
Sundaya,1pKQaNjDjjpUhIsxHHuIXW
Dracma,78tD42FJydw9radWozuIta
La Pozze Latina,3aOF7RsJI2dUGekgjR1qzp
Tiano Bless,35B3K7HUycrePapFhO8X5v
Chicanota,73ZDYjQrEIwv6dxSVl12mS
Solteronas en Escabeche,3tOPlz1THJhkPfNJJyDomL
Alectrofobia,6SBThA2w6qBakDSGVoSXPZ
Cigarbox Man,6KvYkMetRUoKfIjEt9A0QV
Angel Parra Orrego,33XTgiMGZUjMR6SnwE2qUy
Los Makana,0mtBfe3vziCV83NXGXWgD5
Cancamusa,6GSnSFc0O2JMkPkGcBFsNc
Unisono,7eZiPJ8lMhvAlvdqxGY7aS
Billy Norton,1UfRX7LoEjVtkiVgykLgCb
Ermitano,6ICRv7oox3xRu0WxvELbqO
Implos,56YpnBaRqcv4nmiNmwV6k6
Ciudad Nomade,5bTN0MgAA8rwwi16VuwXwA
Los Insolentes,5PSALJaFvns883BaOLR6Vc
Pablo Ilabaca,0G6TsGjX0YYEDjXeBkiW5A
Tsunamis,2oqOl5iVYtC7mpaqUtm5pU
Azotea Bulnes,0pQb15WbZCDXx5Ou5GxAxF
Pez Platano,2QSolWRaQ4qyykIQwVe3IT
Hijo de Ladron,2X4WeD7RHacya71SNgMWgM
Aguaturbia,1GGnADQvJeAIqtrjWc0CFc
El Otro Astronauta,0XgIpxvQkRLs1IbbCkNcFa
Kutral Kai Paz,3vszuJ8MGiTnqljThfpVJB
Los Crushers,65xNr7wwwRFXt9oq6DsN8q
Valija Diplomatica,2euAtk0firHMqPFDJHLJCV
Carga4,7oLFGxYGGi5T5iHABngpBM
Noiz,5NpCexmiedqpm9vOpdf5jW
99 Payasos,2WSHIN9bs2GkKpPCaRz23c
Condor,1wKXDhoZlEhCOf7Uga3EG0
Hausi Kuta,5iVb4hi1IDpP6NKIKdEwpF
Cede,5gg0cZdcWGowFq4M0PiO7C
Malditos Vecinos,4DrNcaxBidf9OtpQr8oCB9
Kolumbia,4kspMj0rOe3V4NCUx3iJlH
Pulmon,4repoujJm9DMrwgtasadzY
Autoctonos de Ninguna Parte,7pqtHCx8vGUbM5sVb45peN
Franks White Canvas,0BUt8giUgbVvPzCIoznf6i
Franklin,4z4fHgRk195uGlbBfYJMRc
Enei,3ychxeKDZNc3ITaeJfz7GO
Automatico,0HiaC6yJUDlEjZUj8axdWk
Circuito Nacional,3gwaNs7RvWYoa0C2XLApBV
Massonico,1ztINaqHzkQnwJJR75cKfB
Perrosky,4yjkuB5LSs64YsvUj11MQm
Club Calaca,6tMgnaQXrnY75jL1wktHRA
JuanaRosa,67wP3ywr6RDKCpWKasKmqi
Arak Pacha,1qQuDaLRfEZmlZ6TgeNxEy
Sobernot,4UoLg3nBfqf9sSR0rE4v6y
Markamaru,4jQpZOjIXzSPBnojwkWKjr
Freddy Torrealba,4pueYKuO1fr6XbPEJkeEJ2
Isabel Parra,2aRPBh4HSVPmevvlsCySOt
Nelson Schwenke,6zzgP0odeS6Q5TRODD3VR5
Esteban Pavez,5bMIAabrJsXP0keI22Em3U
